project_id,model_id,datetime,reference_datetime,duration,site_id,family,parameter,variable,prediction
bu4cast,bloomboard,2026-10-05,2026-10-04,P1D,2,ensemble,1,chlorophyll,0.6565113871635612
bu4cast,bloomboard,2026-10-05,2026-10-04,P1D,2,ensemble,2,chlorophyll,0.28192307692307694
bu4cast,bloomboard,2026-10-05,2026-10-04,P1D,2,ensemble,3,chlorophyll,0.5268923553948601
bu4cast,bloomboard,2026-10-05,2026-10-04,P1D,2,ensemble,4,chlorophyll,1.0646853974738042
bu4cast,bloomboard,2026-10-05,2026-10-04,P1D,2,ensemble,5,chlorophyll,0.9123809523809524
bu4cast,bloomboard,2026-10-05,2026-10-04,P1D,2,ensemble,6,chlorophyll,0.9123809523809524
bu4cast,bloomboard,2026-10-05,2026-10-04,P1D,2,ensemble,7,chlorophyll,3.03
bu4cast,bloomboard,2026-10-05,2026-10-04,P1D,2,ensemble,8,chlorophyll,0.1442973181731455
bu4cast,bloomboard,2026-10-05,2026-10-04,P1D,2,ensemble,9,chlorophyll,0.3795833333333335
bu4cast,bloomboard,2026-10-05,2026-10-04,P1D,2,ensemble,10,chlorophyll,0.9123809523809524
bu4cast,bloomboard,2026-10-05,2026-10-04,P1D,2,ensemble,11,chlorophyll,0
bu4cast,bloomboard,2026-10-05,2026-10-04,P1D,2,ensemble,12,chlorophyll,0.28192307692307694
bu4cast,bloomboard,2026-10-05,2026-10-04,P1D,2,ensemble,13,chlorophyll,0
bu4cast,bloomboard,2026-10-05,2026-10-04,P1D,2,ensemble,14,chlorophyll,0.9123809523809524
bu4cast,bloomboard,2026-10-05,2026-10-04,P1D,2,ensemble,15,chlorophyll,0.9123809523809524
bu4cast,bloomboard,2026-10-05,2026-10-04,P1D,2,ensemble,16,chlorophyll,0.3795833333333335
bu4cast,bloomboard,2026-10-05,2026-10-04,P1D,2,ensemble,17,chlorophyll,0
bu4cast,bloomboard,2026-10-05,2026-10-04,P1D,2,ensemble,18,chlorophyll,0.9123809523809524
bu4cast,bloomboard,2026-10-05,2026-10-04,P1D,2,ensemble,19,chlorophyll,0.9123809523809524
bu4cast,bloomboard,2026-10-05,2026-10-04,P1D,2,ensemble,20,chlorophyll,0.88
bu4cast,bloomboard,2026-10-05,2026-10-04,P1D,2,ensemble,21,chlorophyll,0.3818660922887892
bu4cast,bloomboard,2026-10-05,2026-10-04,P1D,2,ensemble,22,chlorophyll,0.9371649658113408
bu4cast,bloomboard,2026-10-05,2026-10-04,P1D,2,ensemble,23,chlorophyll,0.9841666666666667
bu4cast,bloomboard,2026-10-05,2026-10-04,P1D,2,ensemble,24,chlorophyll,1.114684879521859
bu4cast,bloomboard,2026-10-05,2026-10-04,P1D,2,ensemble,25,chlorophyll,0.6873626373626374
bu4cast,bloomboard,2026-10-05,2026-10-04,P1D,2,ensemble,26,chlorophyll,0.5285614170118546
bu4cast,bloomboard,2026-10-05,2026-10-04,P1D,2,ensemble,27,chlorophyll,0.7096788906656571
bu4cast,bloomboard,2026-10-05,2026-10-04,P1D,2,ensemble,28,chlorophyll,0.88
bu4cast,bloomboard,2026-10-05,2026-10-04,P1D,2,ensemble,29,chlorophyll,0
bu4cast,bloomboard,2026-10-05,2026-10-04,P1D,2,ensemble,30,chlorophyll,1.2089161225692564
bu4cast,bloomboard,2026-10-05,2026-10-04,P1D,2,ensemble,31,chlorophyll,0.7983463313469353
bu4cast,bloomboard,2026-10-05,2026-10-04,P1D,2,ensemble,32,chlorophyll,0.3795833333333335
bu4cast,bloomboard,2026-10-05,2026-10-04,P1D,2,ensemble,33,chlorophyll,0.3873893908322985
bu4cast,bloomboard,2026-10-05,2026-10-04,P1D,2,ensemble,34,chlorophyll,0
bu4cast,bloomboard,2026-10-05,2026-10-04,P1D,2,ensemble,35,chlorophyll,0.6565113871635612
bu4cast,bloomboard,2026-10-05,2026-10-04,P1D,2,ensemble,36,chlorophyll,0
bu4cast,bloomboard,2026-10-05,2026-10-04,P1D,2,ensemble,37,chlorophyll,0.40448663302153987
bu4cast,bloomboard,2026-10-05,2026-10-04,P1D,2,ensemble,38,chlorophyll,0
bu4cast,bloomboard,2026-10-05,2026-10-04,P1D,2,ensemble,39,chlorophyll,0.6083333333333333
bu4cast,bloomboard,2026-10-05,2026-10-04,P1D,2,ensemble,40,chlorophyll,0.9123809523809524
bu4cast,bloomboard,2026-10-05,2026-10-04,P1D,2,ensemble,41,chlorophyll,0
bu4cast,bloomboard,2026-10-05,2026-10-04,P1D,2,ensemble,42,chlorophyll,0.6873626373626374
bu4cast,bloomboard,2026-10-05,2026-10-04,P1D,2,ensemble,43,chlorophyll,0.6868846869822125
bu4cast,bloomboard,2026-10-05,2026-10-04,P1D,2,ensemble,44,chlorophyll,0.09456984598832396
bu4cast,bloomboard,2026-10-05,2026-10-04,P1D,2,ensemble,45,chlorophyll,0.9123809523809524
bu4cast,bloomboard,2026-10-05,2026-10-04,P1D,2,ensemble,46,chlorophyll,0.9123809523809524
bu4cast,bloomboard,2026-10-05,2026-10-04,P1D,2,ensemble,47,chlorophyll,0.9841666666666667
bu4cast,bloomboard,2026-10-05,2026-10-04,P1D,2,ensemble,48,chlorophyll,1.9676584316767751
bu4cast,bloomboard,2026-10-05,2026-10-04,P1D,2,ensemble,49,chlorophyll,0.6873626373626374
bu4cast,bloomboard,2026-10-05,2026-10-04,P1D,2,ensemble,50,chlorophyll,0.23528621855531415
bu4cast,bloomboard,2026-10-05,2026-10-04,P1D,2,ensemble,51,chlorophyll,0.9833333333333332
bu4cast,bloomboard,2026-10-05,2026-10-04,P1D,2,ensemble,52,chlorophyll,1.9951651158186725
bu4cast,bloomboard,2026-10-05,2026-10-04,P1D,2,ensemble,53,chlorophyll,0.28192307692307694
bu4cast,bloomboard,2026-10-05,2026-10-04,P1D,2,ensemble,54,chlorophyll,0.5525910364145655
bu4cast,bloomboard,2026-10-05,2026-10-04,P1D,2,ensemble,55,chlorophyll,2.007845007932629
bu4cast,bloomboard,2026-10-05,2026-10-04,P1D,2,ensemble,56,chlorophyll,0
bu4cast,bloomboard,2026-10-05,2026-10-04,P1D,2,ensemble,57,chlorophyll,0
bu4cast,bloomboard,2026-10-05,2026-10-04,P1D,2,ensemble,58,chlorophyll,0.9841666666666667
bu4cast,bloomboard,2026-10-05,2026-10-04,P1D,2,ensemble,59,chlorophyll,0.33625000000000005
bu4cast,bloomboard,2026-10-05,2026-10-04,P1D,2,ensemble,60,chlorophyll,0.88
bu4cast,bloomboard,2026-10-05,2026-10-04,P1D,2,ensemble,61,chlorophyll,0
bu4cast,bloomboard,2026-10-05,2026-10-04,P1D,2,ensemble,62,chlorophyll,0.9123809523809524
bu4cast,bloomboard,2026-10-05,2026-10-04,P1D,2,ensemble,63,chlorophyll,0.8216666666666667
bu4cast,bloomboard,2026-10-05,2026-10-04,P1D,2,ensemble,64,chlorophyll,0
bu4cast,bloomboard,2026-10-05,2026-10-04,P1D,2,ensemble,65,chlorophyll,0
bu4cast,bloomboard,2026-10-05,2026-10-04,P1D,2,ensemble,66,chlorophyll,0.9123809523809524
bu4cast,bloomboard,2026-10-05,2026-10-04,P1D,2,ensemble,67,chlorophyll,0.5525910364145655
bu4cast,bloomboard,2026-10-05,2026-10-04,P1D,2,ensemble,68,chlorophyll,0.9839762521201436
bu4cast,bloomboard,2026-10-05,2026-10-04,P1D,2,ensemble,69,chlorophyll,0.9841666666666667
bu4cast,bloomboard,2026-10-05,2026-10-04,P1D,2,ensemble,70,chlorophyll,0.5525910364145655
bu4cast,bloomboard,2026-10-05,2026-10-04,P1D,2,ensemble,71,chlorophyll,0.9123809523809524
bu4cast,bloomboard,2026-10-05,2026-10-04,P1D,2,ensemble,72,chlorophyll,0
bu4cast,bloomboard,2026-10-05,2026-10-04,P1D,2,ensemble,73,chlorophyll,0.9423257356417404
bu4cast,bloomboard,2026-10-05,2026-10-04,P1D,2,ensemble,74,chlorophyll,0
bu4cast,bloomboard,2026-10-05,2026-10-04,P1D,2,ensemble,75,chlorophyll,0.9123809523809524
bu4cast,bloomboard,2026-10-05,2026-10-04,P1D,2,ensemble,76,chlorophyll,0
bu4cast,bloomboard,2026-10-05,2026-10-04,P1D,2,ensemble,77,chlorophyll,3.3162499999999997
bu4cast,bloomboard,2026-10-05,2026-10-04,P1D,2,ensemble,78,chlorophyll,1.1478274501190475
bu4cast,bloomboard,2026-10-05,2026-10-04,P1D,2,ensemble,79,chlorophyll,0.6565113871635612
bu4cast,bloomboard,2026-10-05,2026-10-04,P1D,2,ensemble,80,chlorophyll,1.411568998061897
bu4cast,bloomboard,2026-10-05,2026-10-04,P1D,2,ensemble,81,chlorophyll,0
bu4cast,bloomboard,2026-10-05,2026-10-04,P1D,2,ensemble,82,chlorophyll,0.9123809523809524
bu4cast,bloomboard,2026-10-05,2026-10-04,P1D,2,ensemble,83,chlorophyll,0.6565113871635612
bu4cast,bloomboard,2026-10-05,2026-10-04,P1D,2,ensemble,84,chlorophyll,0.44548229131060146
bu4cast,bloomboard,2026-10-05,2026-10-04,P1D,2,ensemble,85,chlorophyll,0.2632562592074513
bu4cast,bloomboard,2026-10-05,2026-10-04,P1D,2,ensemble,86,chlorophyll,3.03
bu4cast,bloomboard,2026-10-05,2026-10-04,P1D,2,ensemble,87,chlorophyll,1.8871012721270488
bu4cast,bloomboard,2026-10-05,2026-10-04,P1D,2,ensemble,88,chlorophyll,0.544166666666667
bu4cast,bloomboard,2026-10-05,2026-10-04,P1D,2,ensemble,89,chlorophyll,1.1373809523809526
bu4cast,bloomboard,2026-10-05,2026-10-04,P1D,2,ensemble,90,chlorophyll,0.9333782789144124
bu4cast,bloomboard,2026-10-05,2026-10-04,P1D,2,ensemble,91,chlorophyll,0
bu4cast,bloomboard,2026-10-05,2026-10-04,P1D,2,ensemble,92,chlorophyll,0.544166666666667
bu4cast,bloomboard,2026-10-05,2026-10-04,P1D,2,ensemble,93,chlorophyll,0.7152898550724637
bu4cast,bloomboard,2026-10-05,2026-10-04,P1D,2,ensemble,94,chlorophyll,0.544166666666667
bu4cast,bloomboard,2026-10-05,2026-10-04,P1D,2,ensemble,95,chlorophyll,0.6565113871635612
bu4cast,bloomboard,2026-10-05,2026-10-04,P1D,2,ensemble,96,chlorophyll,0
bu4cast,bloomboard,2026-10-05,2026-10-04,P1D,2,ensemble,97,chlorophyll,0.28192307692307694
bu4cast,bloomboard,2026-10-05,2026-10-04,P1D,2,ensemble,98,chlorophyll,0.3795833333333335
bu4cast,bloomboard,2026-10-05,2026-10-04,P1D,2,ensemble,99,chlorophyll,0.6404212258185751
bu4cast,bloomboard,2026-10-05,2026-10-04,P1D,2,ensemble,100,chlorophyll,0
bu4cast,bloomboard,2026-10-06,2026-10-04,P1D,2,ensemble,1,chlorophyll,0.7638923395445136
bu4cast,bloomboard,2026-10-06,2026-10-04,P1D,2,ensemble,2,chlorophyll,2.5069230769230773
bu4cast,bloomboard,2026-10-06,2026-10-04,P1D,2,ensemble,3,chlorophyll,1.2553525003223964
bu4cast,bloomboard,2026-10-06,2026-10-04,P1D,2,ensemble,4,chlorophyll,1.0813520641404708
bu4cast,bloomboard,2026-10-06,2026-10-04,P1D,2,ensemble,5,chlorophyll,1.0197619047619049
bu4cast,bloomboard,2026-10-06,2026-10-04,P1D,2,ensemble,6,chlorophyll,1.3818043941814162
bu4cast,bloomboard,2026-10-06,2026-10-04,P1D,2,ensemble,7,chlorophyll,1.5200000000000005
bu4cast,bloomboard,2026-10-06,2026-10-04,P1D,2,ensemble,8,chlorophyll,2.3692973181731456
bu4cast,bloomboard,2026-10-06,2026-10-04,P1D,2,ensemble,9,chlorophyll,1.0241666666666664
bu4cast,bloomboard,2026-10-06,2026-10-04,P1D,2,ensemble,10,chlorophyll,0.9290476190476192
bu4cast,bloomboard,2026-10-06,2026-10-04,P1D,2,ensemble,11,chlorophyll,0.5025
bu4cast,bloomboard,2026-10-06,2026-10-04,P1D,2,ensemble,12,chlorophyll,0.35880783197058075
bu4cast,bloomboard,2026-10-06,2026-10-04,P1D,2,ensemble,13,chlorophyll,0.596070099435262
bu4cast,bloomboard,2026-10-06,2026-10-04,P1D,2,ensemble,14,chlorophyll,2.1152976190476194
bu4cast,bloomboard,2026-10-06,2026-10-04,P1D,2,ensemble,15,chlorophyll,1.0564190325367826
bu4cast,bloomboard,2026-10-06,2026-10-04,P1D,2,ensemble,16,chlorophyll,0
bu4cast,bloomboard,2026-10-06,2026-10-04,P1D,2,ensemble,17,chlorophyll,2.225
bu4cast,bloomboard,2026-10-06,2026-10-04,P1D,2,ensemble,18,chlorophyll,1.1811991723064506
bu4cast,bloomboard,2026-10-06,2026-10-04,P1D,2,ensemble,19,chlorophyll,1.0197619047619049
bu4cast,bloomboard,2026-10-06,2026-10-04,P1D,2,ensemble,20,chlorophyll,1.3477646808545491
bu4cast,bloomboard,2026-10-06,2026-10-04,P1D,2,ensemble,21,chlorophyll,0.3985327589554558
bu4cast,bloomboard,2026-10-06,2026-10-04,P1D,2,ensemble,22,chlorophyll,1.0362541138899093
bu4cast,bloomboard,2026-10-06,2026-10-04,P1D,2,ensemble,23,chlorophyll,1.0915476190476192
bu4cast,bloomboard,2026-10-06,2026-10-04,P1D,2,ensemble,24,chlorophyll,0
bu4cast,bloomboard,2026-10-06,2026-10-04,P1D,2,ensemble,25,chlorophyll,1.8641119922572984
bu4cast,bloomboard,2026-10-06,2026-10-04,P1D,2,ensemble,26,chlorophyll,0.7119280023243955
bu4cast,bloomboard,2026-10-06,2026-10-04,P1D,2,ensemble,27,chlorophyll,0.999009285337266
bu4cast,bloomboard,2026-10-06,2026-10-04,P1D,2,ensemble,28,chlorophyll,2.0829166666666667
bu4cast,bloomboard,2026-10-06,2026-10-04,P1D,2,ensemble,29,chlorophyll,0.4071066904246497
bu4cast,bloomboard,2026-10-06,2026-10-04,P1D,2,ensemble,30,chlorophyll,1.2350585132830505
bu4cast,bloomboard,2026-10-06,2026-10-04,P1D,2,ensemble,31,chlorophyll,0.9057272837278878
bu4cast,bloomboard,2026-10-06,2026-10-04,P1D,2,ensemble,32,chlorophyll,0.11875000000000048
bu4cast,bloomboard,2026-10-06,2026-10-04,P1D,2,ensemble,33,chlorophyll,0.7323893908322987
bu4cast,bloomboard,2026-10-06,2026-10-04,P1D,2,ensemble,34,chlorophyll,2.225
bu4cast,bloomboard,2026-10-06,2026-10-04,P1D,2,ensemble,35,chlorophyll,2.881511387163562
bu4cast,bloomboard,2026-10-06,2026-10-04,P1D,2,ensemble,36,chlorophyll,2.225
bu4cast,bloomboard,2026-10-06,2026-10-04,P1D,2,ensemble,37,chlorophyll,0.5803375861830622
bu4cast,bloomboard,2026-10-06,2026-10-04,P1D,2,ensemble,38,chlorophyll,1.2029166666666669
bu4cast,bloomboard,2026-10-06,2026-10-04,P1D,2,ensemble,39,chlorophyll,0.8229166666666666
bu4cast,bloomboard,2026-10-06,2026-10-04,P1D,2,ensemble,40,chlorophyll,1.0615476190476192
bu4cast,bloomboard,2026-10-06,2026-10-04,P1D,2,ensemble,41,chlorophyll,0.9142349171310588
bu4cast,bloomboard,2026-10-06,2026-10-04,P1D,2,ensemble,42,chlorophyll,0.846529304029304
bu4cast,bloomboard,2026-10-06,2026-10-04,P1D,2,ensemble,43,chlorophyll,0.8664725526991657
bu4cast,bloomboard,2026-10-06,2026-10-04,P1D,2,ensemble,44,chlorophyll,0
bu4cast,bloomboard,2026-10-06,2026-10-04,P1D,2,ensemble,45,chlorophyll,0.7638923395445136
bu4cast,bloomboard,2026-10-06,2026-10-04,P1D,2,ensemble,46,chlorophyll,0.4386321487899909
bu4cast,bloomboard,2026-10-06,2026-10-04,P1D,2,ensemble,47,chlorophyll,1.094307364818884
bu4cast,bloomboard,2026-10-06,2026-10-04,P1D,2,ensemble,48,chlorophyll,1.1984917650101086
bu4cast,bloomboard,2026-10-06,2026-10-04,P1D,2,ensemble,49,chlorophyll,0.597652492435101
bu4cast,bloomboard,2026-10-06,2026-10-04,P1D,2,ensemble,50,chlorophyll,0.5228517171150691
bu4cast,bloomboard,2026-10-06,2026-10-04,P1D,2,ensemble,51,chlorophyll,2.18625
bu4cast,bloomboard,2026-10-06,2026-10-04,P1D,2,ensemble,52,chlorophyll,1.452248449152006
bu4cast,bloomboard,2026-10-06,2026-10-04,P1D,2,ensemble,53,chlorophyll,0
bu4cast,bloomboard,2026-10-06,2026-10-04,P1D,2,ensemble,54,chlorophyll,0.5771743697478992
bu4cast,bloomboard,2026-10-06,2026-10-04,P1D,2,ensemble,55,chlorophyll,0.4978450079326291
bu4cast,bloomboard,2026-10-06,2026-10-04,P1D,2,ensemble,56,chlorophyll,1.2029166666666669
bu4cast,bloomboard,2026-10-06,2026-10-04,P1D,2,ensemble,57,chlorophyll,0.20906919531349552
bu4cast,bloomboard,2026-10-06,2026-10-04,P1D,2,ensemble,58,chlorophyll,0.5587500000000002
bu4cast,bloomboard,2026-10-06,2026-10-04,P1D,2,ensemble,59,chlorophyll,2.56125
bu4cast,bloomboard,2026-10-06,2026-10-04,P1D,2,ensemble,60,chlorophyll,1.3075
bu4cast,bloomboard,2026-10-06,2026-10-04,P1D,2,ensemble,61,chlorophyll,1.512502786552068
bu4cast,bloomboard,2026-10-06,2026-10-04,P1D,2,ensemble,62,chlorophyll,0
bu4cast,bloomboard,2026-10-06,2026-10-04,P1D,2,ensemble,63,chlorophyll,0.9290476190476192
bu4cast,bloomboard,2026-10-06,2026-10-04,P1D,2,ensemble,64,chlorophyll,2.225
bu4cast,bloomboard,2026-10-06,2026-10-04,P1D,2,ensemble,65,chlorophyll,0.41208333333333336
bu4cast,bloomboard,2026-10-06,2026-10-04,P1D,2,ensemble,66,chlorophyll,2.312413581012502
bu4cast,bloomboard,2026-10-06,2026-10-04,P1D,2,ensemble,67,chlorophyll,2.265016107973539
bu4cast,bloomboard,2026-10-06,2026-10-04,P1D,2,ensemble,68,chlorophyll,0
bu4cast,bloomboard,2026-10-06,2026-10-04,P1D,2,ensemble,69,chlorophyll,0.7311303237562017
bu4cast,bloomboard,2026-10-06,2026-10-04,P1D,2,ensemble,70,chlorophyll,2.7775910364145657
bu4cast,bloomboard,2026-10-06,2026-10-04,P1D,2,ensemble,71,chlorophyll,0.8563653543850386
bu4cast,bloomboard,2026-10-06,2026-10-04,P1D,2,ensemble,72,chlorophyll,0
bu4cast,bloomboard,2026-10-06,2026-10-04,P1D,2,ensemble,73,chlorophyll,0.5394506633800172
bu4cast,bloomboard,2026-10-06,2026-10-04,P1D,2,ensemble,74,chlorophyll,0
bu4cast,bloomboard,2026-10-06,2026-10-04,P1D,2,ensemble,75,chlorophyll,0
bu4cast,bloomboard,2026-10-06,2026-10-04,P1D,2,ensemble,76,chlorophyll,2.225
bu4cast,bloomboard,2026-10-06,2026-10-04,P1D,2,ensemble,77,chlorophyll,3.167761387163561
bu4cast,bloomboard,2026-10-06,2026-10-04,P1D,2,ensemble,78,chlorophyll,0.6247505270421246
bu4cast,bloomboard,2026-10-06,2026-10-04,P1D,2,ensemble,79,chlorophyll,0
bu4cast,bloomboard,2026-10-06,2026-10-04,P1D,2,ensemble,80,chlorophyll,2.1060678219487405
bu4cast,bloomboard,2026-10-06,2026-10-04,P1D,2,ensemble,81,chlorophyll,2.225
bu4cast,bloomboard,2026-10-06,2026-10-04,P1D,2,ensemble,82,chlorophyll,0.866939208035557
bu4cast,bloomboard,2026-10-06,2026-10-04,P1D,2,ensemble,83,chlorophyll,1.889824673062909
bu4cast,bloomboard,2026-10-06,2026-10-04,P1D,2,ensemble,84,chlorophyll,1.6096489579772686
bu4cast,bloomboard,2026-10-06,2026-10-04,P1D,2,ensemble,85,chlorophyll,2.4882562592074513
bu4cast,bloomboard,2026-10-06,2026-10-04,P1D,2,ensemble,86,chlorophyll,5.255000000000001
bu4cast,bloomboard,2026-10-06,2026-10-04,P1D,2,ensemble,87,chlorophyll,2.2251952524437644
bu4cast,bloomboard,2026-10-06,2026-10-04,P1D,2,ensemble,88,chlorophyll,4.398762601088868
bu4cast,bloomboard,2026-10-06,2026-10-04,P1D,2,ensemble,89,chlorophyll,0.24677784569880257
bu4cast,bloomboard,2026-10-06,2026-10-04,P1D,2,ensemble,90,chlorophyll,0.9500449455810788
bu4cast,bloomboard,2026-10-06,2026-10-04,P1D,2,ensemble,91,chlorophyll,2.225
bu4cast,bloomboard,2026-10-06,2026-10-04,P1D,2,ensemble,92,chlorophyll,1.175576103078008
bu4cast,bloomboard,2026-10-06,2026-10-04,P1D,2,ensemble,93,chlorophyll,1.1340496616480829
bu4cast,bloomboard,2026-10-06,2026-10-04,P1D,2,ensemble,94,chlorophyll,1.1887500000000002
bu4cast,bloomboard,2026-10-06,2026-10-04,P1D,2,ensemble,95,chlorophyll,0.5388740245261985
bu4cast,bloomboard,2026-10-06,2026-10-04,P1D,2,ensemble,96,chlorophyll,2.225
bu4cast,bloomboard,2026-10-06,2026-10-04,P1D,2,ensemble,97,chlorophyll,2.5069230769230773
bu4cast,bloomboard,2026-10-06,2026-10-04,P1D,2,ensemble,98,chlorophyll,0.5922040046732098
bu4cast,bloomboard,2026-10-06,2026-10-04,P1D,2,ensemble,99,chlorophyll,0.21500455915190853
bu4cast,bloomboard,2026-10-06,2026-10-04,P1D,2,ensemble,100,chlorophyll,0
bu4cast,bloomboard,2026-10-07,2026-10-04,P1D,2,ensemble,1,chlorophyll,0.9898960731812668
bu4cast,bloomboard,2026-10-07,2026-10-04,P1D,2,ensemble,2,chlorophyll,2.8507595072663077
bu4cast,bloomboard,2026-10-07,2026-10-04,P1D,2,ensemble,3,chlorophyll,0.4861858336557297
bu4cast,bloomboard,2026-10-07,2026-10-04,P1D,2,ensemble,4,chlorophyll,0.8055187308071374
bu4cast,bloomboard,2026-10-07,2026-10-04,P1D,2,ensemble,5,chlorophyll,1.291845238095238
bu4cast,bloomboard,2026-10-07,2026-10-04,P1D,2,ensemble,6,chlorophyll,0.3951377275147496
bu4cast,bloomboard,2026-10-07,2026-10-04,P1D,2,ensemble,7,chlorophyll,0.01000000000000067
bu4cast,bloomboard,2026-10-07,2026-10-04,P1D,2,ensemble,8,chlorophyll,0.8592973181731458
bu4cast,bloomboard,2026-10-07,2026-10-04,P1D,2,ensemble,9,chlorophyll,1.4362499999999998
bu4cast,bloomboard,2026-10-07,2026-10-04,P1D,2,ensemble,10,chlorophyll,0
bu4cast,bloomboard,2026-10-07,2026-10-04,P1D,2,ensemble,11,chlorophyll,0.6616666666666666
bu4cast,bloomboard,2026-10-07,2026-10-04,P1D,2,ensemble,12,chlorophyll,0
bu4cast,bloomboard,2026-10-07,2026-10-04,P1D,2,ensemble,13,chlorophyll,1.0014018155555826
bu4cast,bloomboard,2026-10-07,2026-10-04,P1D,2,ensemble,14,chlorophyll,1.0733050847201822
bu4cast,bloomboard,2026-10-07,2026-10-04,P1D,2,ensemble,15,chlorophyll,2.2613942706967025
bu4cast,bloomboard,2026-10-07,2026-10-04,P1D,2,ensemble,16,chlorophyll,2.225
bu4cast,bloomboard,2026-10-07,2026-10-04,P1D,2,ensemble,17,chlorophyll,2.347916666666667
bu4cast,bloomboard,2026-10-07,2026-10-04,P1D,2,ensemble,18,chlorophyll,0.5886991723064505
bu4cast,bloomboard,2026-10-07,2026-10-04,P1D,2,ensemble,19,chlorophyll,0.1539285714285714
bu4cast,bloomboard,2026-10-07,2026-10-04,P1D,2,ensemble,20,chlorophyll,1.5067837133283803
bu4cast,bloomboard,2026-10-07,2026-10-04,P1D,2,ensemble,21,chlorophyll,0.5059137113364083
bu4cast,bloomboard,2026-10-07,2026-10-04,P1D,2,ensemble,22,chlorophyll,2.1717042045913892
bu4cast,bloomboard,2026-10-07,2026-10-04,P1D,2,ensemble,23,chlorophyll,0.9739102564102564
bu4cast,bloomboard,2026-10-07,2026-10-04,P1D,2,ensemble,24,chlorophyll,2.225
bu4cast,bloomboard,2026-10-07,2026-10-04,P1D,2,ensemble,25,chlorophyll,0.877445325590632
bu4cast,bloomboard,2026-10-07,2026-10-04,P1D,2,ensemble,26,chlorophyll,0.8317073274892223
bu4cast,bloomboard,2026-10-07,2026-10-04,P1D,2,ensemble,27,chlorophyll,0.738175952003933
bu4cast,bloomboard,2026-10-07,2026-10-04,P1D,2,ensemble,28,chlorophyll,3.349166666666666
bu4cast,bloomboard,2026-10-07,2026-10-04,P1D,2,ensemble,29,chlorophyll,0.6791900237579829
bu4cast,bloomboard,2026-10-07,2026-10-04,P1D,2,ensemble,30,chlorophyll,0.9558918466163838
bu4cast,bloomboard,2026-10-07,2026-10-04,P1D,2,ensemble,31,chlorophyll,1.0131082361088404
bu4cast,bloomboard,2026-10-07,2026-10-04,P1D,2,ensemble,32,chlorophyll,0.41240856994079295
bu4cast,bloomboard,2026-10-07,2026-10-04,P1D,2,ensemble,33,chlorophyll,0.8915560574989654
bu4cast,bloomboard,2026-10-07,2026-10-04,P1D,2,ensemble,34,chlorophyll,2.601851337933913
bu4cast,bloomboard,2026-10-07,2026-10-04,P1D,2,ensemble,35,chlorophyll,2.599946977902322
bu4cast,bloomboard,2026-10-07,2026-10-04,P1D,2,ensemble,36,chlorophyll,2.4152473381555564
bu4cast,bloomboard,2026-10-07,2026-10-04,P1D,2,ensemble,37,chlorophyll,0.14329388182202837
bu4cast,bloomboard,2026-10-07,2026-10-04,P1D,2,ensemble,38,chlorophyll,0.3370833333333334
bu4cast,bloomboard,2026-10-07,2026-10-04,P1D,2,ensemble,39,chlorophyll,1.136254047489298
bu4cast,bloomboard,2026-10-07,2026-10-04,P1D,2,ensemble,40,chlorophyll,2.32205372845869
bu4cast,bloomboard,2026-10-07,2026-10-04,P1D,2,ensemble,41,chlorophyll,0
bu4cast,bloomboard,2026-10-07,2026-10-04,P1D,2,ensemble,42,chlorophyll,0.7288919413919414
bu4cast,bloomboard,2026-10-07,2026-10-04,P1D,2,ensemble,43,chlorophyll,0.8831392193658323
bu4cast,bloomboard,2026-10-07,2026-10-04,P1D,2,ensemble,44,chlorophyll,0
bu4cast,bloomboard,2026-10-07,2026-10-04,P1D,2,ensemble,45,chlorophyll,1.1086130846038256
bu4cast,bloomboard,2026-10-07,2026-10-04,P1D,2,ensemble,46,chlorophyll,0.5236321487899909
bu4cast,bloomboard,2026-10-07,2026-10-04,P1D,2,ensemble,47,chlorophyll,1.5217800371399028
bu4cast,bloomboard,2026-10-07,2026-10-04,P1D,2,ensemble,48,chlorophyll,0.6754148419331855
bu4cast,bloomboard,2026-10-07,2026-10-04,P1D,2,ensemble,49,chlorophyll,0.3184858257684343
bu4cast,bloomboard,2026-10-07,2026-10-04,P1D,2,ensemble,50,chlorophyll,0.6727982976451551
bu4cast,bloomboard,2026-10-07,2026-10-04,P1D,2,ensemble,51,chlorophyll,1.7245833333333338
bu4cast,bloomboard,2026-10-07,2026-10-04,P1D,2,ensemble,52,chlorophyll,1.7968317824853386
bu4cast,bloomboard,2026-10-07,2026-10-04,P1D,2,ensemble,53,chlorophyll,0.00865783712484599
bu4cast,bloomboard,2026-10-07,2026-10-04,P1D,2,ensemble,54,chlorophyll,1.221757703081232
bu4cast,bloomboard,2026-10-07,2026-10-04,P1D,2,ensemble,55,chlorophyll,0.7559826293182177
bu4cast,bloomboard,2026-10-07,2026-10-04,P1D,2,ensemble,56,chlorophyll,1.273492257766969
bu4cast,bloomboard,2026-10-07,2026-10-04,P1D,2,ensemble,57,chlorophyll,2.4340691953134956
bu4cast,bloomboard,2026-10-07,2026-10-04,P1D,2,ensemble,58,chlorophyll,0.4411126373626375
bu4cast,bloomboard,2026-10-07,2026-10-04,P1D,2,ensemble,59,chlorophyll,3.1575000000000006
bu4cast,bloomboard,2026-10-07,2026-10-04,P1D,2,ensemble,60,chlorophyll,1.220308567236299
bu4cast,bloomboard,2026-10-07,2026-10-04,P1D,2,ensemble,61,chlorophyll,0.9695861198854014
bu4cast,bloomboard,2026-10-07,2026-10-04,P1D,2,ensemble,62,chlorophyll,0
bu4cast,bloomboard,2026-10-07,2026-10-04,P1D,2,ensemble,63,chlorophyll,0.5036309523809526
bu4cast,bloomboard,2026-10-07,2026-10-04,P1D,2,ensemble,64,chlorophyll,0.7150000000000003
bu4cast,bloomboard,2026-10-07,2026-10-04,P1D,2,ensemble,65,chlorophyll,2.6370833333333334
bu4cast,bloomboard,2026-10-07,2026-10-04,P1D,2,ensemble,66,chlorophyll,1.569569378113951
bu4cast,bloomboard,2026-10-07,2026-10-04,P1D,2,ensemble,67,chlorophyll,3.1479327746402057
bu4cast,bloomboard,2026-10-07,2026-10-04,P1D,2,ensemble,68,chlorophyll,2.225
bu4cast,bloomboard,2026-10-07,2026-10-04,P1D,2,ensemble,69,chlorophyll,1.9340469904228683
bu4cast,bloomboard,2026-10-07,2026-10-04,P1D,2,ensemble,70,chlorophyll,2.3595884765858193
bu4cast,bloomboard,2026-10-07,2026-10-04,P1D,2,ensemble,71,chlorophyll,0.84212045229118
bu4cast,bloomboard,2026-10-07,2026-10-04,P1D,2,ensemble,72,chlorophyll,2.225
bu4cast,bloomboard,2026-10-07,2026-10-04,P1D,2,ensemble,73,chlorophyll,0
bu4cast,bloomboard,2026-10-07,2026-10-04,P1D,2,ensemble,74,chlorophyll,0.01701985004222175
bu4cast,bloomboard,2026-10-07,2026-10-04,P1D,2,ensemble,75,chlorophyll,2.225
bu4cast,bloomboard,2026-10-07,2026-10-04,P1D,2,ensemble,76,chlorophyll,2.1352898550724637
bu4cast,bloomboard,2026-10-07,2026-10-04,P1D,2,ensemble,77,chlorophyll,3.413251959121535
bu4cast,bloomboard,2026-10-07,2026-10-04,P1D,2,ensemble,78,chlorophyll,0.5195261395784498
bu4cast,bloomboard,2026-10-07,2026-10-04,P1D,2,ensemble,79,chlorophyll,0
bu4cast,bloomboard,2026-10-07,2026-10-04,P1D,2,ensemble,80,chlorophyll,2.750651155282074
bu4cast,bloomboard,2026-10-07,2026-10-04,P1D,2,ensemble,81,chlorophyll,2.1352898550724637
bu4cast,bloomboard,2026-10-07,2026-10-04,P1D,2,ensemble,82,chlorophyll,0.7231123728459143
bu4cast,bloomboard,2026-10-07,2026-10-04,P1D,2,ensemble,83,chlorophyll,2.5202413397295755
bu4cast,bloomboard,2026-10-07,2026-10-04,P1D,2,ensemble,84,chlorophyll,1.8817322913106016
bu4cast,bloomboard,2026-10-07,2026-10-04,P1D,2,ensemble,85,chlorophyll,3.4032562592074513
bu4cast,bloomboard,2026-10-07,2026-10-04,P1D,2,ensemble,86,chlorophyll,5.3795833333333345
bu4cast,bloomboard,2026-10-07,2026-10-04,P1D,2,ensemble,87,chlorophyll,3.440195252443764
bu4cast,bloomboard,2026-10-07,2026-10-04,P1D,2,ensemble,88,chlorophyll,4.757929267755535
bu4cast,bloomboard,2026-10-07,2026-10-04,P1D,2,ensemble,89,chlorophyll,0.12914048306143988
bu4cast,bloomboard,2026-10-07,2026-10-04,P1D,2,ensemble,90,chlorophyll,0.9667412834006244
bu4cast,bloomboard,2026-10-07,2026-10-04,P1D,2,ensemble,91,chlorophyll,1.1588584888962408
bu4cast,bloomboard,2026-10-07,2026-10-04,P1D,2,ensemble,92,chlorophyll,0.9231671394925732
bu4cast,bloomboard,2026-10-07,2026-10-04,P1D,2,ensemble,93,chlorophyll,0.8548829949814162
bu4cast,bloomboard,2026-10-07,2026-10-04,P1D,2,ensemble,94,chlorophyll,0.9316082027057808
bu4cast,bloomboard,2026-10-07,2026-10-04,P1D,2,ensemble,95,chlorophyll,0.5634573578595321
bu4cast,bloomboard,2026-10-07,2026-10-04,P1D,2,ensemble,96,chlorophyll,1.9813897116582624
bu4cast,bloomboard,2026-10-07,2026-10-04,P1D,2,ensemble,97,chlorophyll,1.9640064102564108
bu4cast,bloomboard,2026-10-07,2026-10-04,P1D,2,ensemble,98,chlorophyll,3.3638706713398765
bu4cast,bloomboard,2026-10-07,2026-10-04,P1D,2,ensemble,99,chlorophyll,0
bu4cast,bloomboard,2026-10-07,2026-10-04,P1D,2,ensemble,100,chlorophyll,2.225
bu4cast,bloomboard,2026-10-08,2026-10-04,P1D,2,ensemble,1,chlorophyll,0.7204785498619383
bu4cast,bloomboard,2026-10-08,2026-10-04,P1D,2,ensemble,2,chlorophyll,2.702270894429869
bu4cast,bloomboard,2026-10-08,2026-10-04,P1D,2,ensemble,3,chlorophyll,1.6891025003223965
bu4cast,bloomboard,2026-10-08,2026-10-04,P1D,2,ensemble,4,chlorophyll,1.4501020641404705
bu4cast,bloomboard,2026-10-08,2026-10-04,P1D,2,ensemble,5,chlorophyll,0.3051785714285715
bu4cast,bloomboard,2026-10-08,2026-10-04,P1D,2,ensemble,6,chlorophyll,0.1215668291300372
bu4cast,bloomboard,2026-10-08,2026-10-04,P1D,2,ensemble,7,chlorophyll,0.0350000000000007
bu4cast,bloomboard,2026-10-08,2026-10-04,P1D,2,ensemble,8,chlorophyll,0.7664204701217316
bu4cast,bloomboard,2026-10-08,2026-10-04,P1D,2,ensemble,9,chlorophyll,0.6944242523068287
bu4cast,bloomboard,2026-10-08,2026-10-04,P1D,2,ensemble,10,chlorophyll,0
bu4cast,bloomboard,2026-10-08,2026-10-04,P1D,2,ensemble,11,chlorophyll,1.08875
bu4cast,bloomboard,2026-10-08,2026-10-04,P1D,2,ensemble,12,chlorophyll,2.225
bu4cast,bloomboard,2026-10-08,2026-10-04,P1D,2,ensemble,13,chlorophyll,3.8468055179797624
bu4cast,bloomboard,2026-10-08,2026-10-04,P1D,2,ensemble,14,chlorophyll,1.0903884180535155
bu4cast,bloomboard,2026-10-08,2026-10-04,P1D,2,ensemble,15,chlorophyll,2.6051393098708586
bu4cast,bloomboard,2026-10-08,2026-10-04,P1D,2,ensemble,16,chlorophyll,1.3606470201199414
bu4cast,bloomboard,2026-10-08,2026-10-04,P1D,2,ensemble,17,chlorophyll,2.155580304263082
bu4cast,bloomboard,2026-10-08,2026-10-04,P1D,2,ensemble,18,chlorophyll,1.7916158389731174
bu4cast,bloomboard,2026-10-08,2026-10-04,P1D,2,ensemble,19,chlorophyll,0.42601190476190465
bu4cast,bloomboard,2026-10-08,2026-10-04,P1D,2,ensemble,20,chlorophyll,0.7376170466617136
bu4cast,bloomboard,2026-10-08,2026-10-04,P1D,2,ensemble,21,chlorophyll,1.7721637113364082
bu4cast,bloomboard,2026-10-08,2026-10-04,P1D,2,ensemble,22,chlorophyll,1.4428355268267432
bu4cast,bloomboard,2026-10-08,2026-10-04,P1D,2,ensemble,23,chlorophyll,0.8562728937728938
bu4cast,bloomboard,2026-10-08,2026-10-04,P1D,2,ensemble,24,chlorophyll,1.7295031415655664
bu4cast,bloomboard,2026-10-08,2026-10-04,P1D,2,ensemble,25,chlorophyll,0.7598079629532694
bu4cast,bloomboard,2026-10-08,2026-10-04,P1D,2,ensemble,26,chlorophyll,1.0108739941558889
bu4cast,bloomboard,2026-10-08,2026-10-04,P1D,2,ensemble,27,chlorophyll,0.6205385893665704
bu4cast,bloomboard,2026-10-08,2026-10-04,P1D,2,ensemble,28,chlorophyll,4.6154166666666665
bu4cast,bloomboard,2026-10-08,2026-10-04,P1D,2,ensemble,29,chlorophyll,1.2908858506641503
bu4cast,bloomboard,2026-10-08,2026-10-04,P1D,2,ensemble,30,chlorophyll,0.9725585132830504
bu4cast,bloomboard,2026-10-08,2026-10-04,P1D,2,ensemble,31,chlorophyll,1.1204891884897927
bu4cast,bloomboard,2026-10-08,2026-10-04,P1D,2,ensemble,32,chlorophyll,0.5197895223217455
bu4cast,bloomboard,2026-10-08,2026-10-04,P1D,2,ensemble,33,chlorophyll,1.070722724165632
bu4cast,bloomboard,2026-10-08,2026-10-04,P1D,2,ensemble,34,chlorophyll,2.1764346712672467
bu4cast,bloomboard,2026-10-08,2026-10-04,P1D,2,ensemble,35,chlorophyll,4.8249469779023215
bu4cast,bloomboard,2026-10-08,2026-10-04,P1D,2,ensemble,36,chlorophyll,1.7123306714888895
bu4cast,bloomboard,2026-10-08,2026-10-04,P1D,2,ensemble,37,chlorophyll,0.03940143033022766
bu4cast,bloomboard,2026-10-08,2026-10-04,P1D,2,ensemble,38,chlorophyll,1.2812041392810838
bu4cast,bloomboard,2026-10-08,2026-10-04,P1D,2,ensemble,39,chlorophyll,1.3508373808226315
bu4cast,bloomboard,2026-10-08,2026-10-04,P1D,2,ensemble,40,chlorophyll,2.061220395125357
bu4cast,bloomboard,2026-10-08,2026-10-04,P1D,2,ensemble,41,chlorophyll,0
bu4cast,bloomboard,2026-10-08,2026-10-04,P1D,2,ensemble,42,chlorophyll,0.18993639675396412
bu4cast,bloomboard,2026-10-08,2026-10-04,P1D,2,ensemble,43,chlorophyll,0.3181665056864642
bu4cast,bloomboard,2026-10-08,2026-10-04,P1D,2,ensemble,44,chlorophyll,2.225
bu4cast,bloomboard,2026-10-08,2026-10-04,P1D,2,ensemble,45,chlorophyll,1.5361130846038256
bu4cast,bloomboard,2026-10-08,2026-10-04,P1D,2,ensemble,46,chlorophyll,0.38709166299844366
bu4cast,bloomboard,2026-10-08,2026-10-04,P1D,2,ensemble,47,chlorophyll,0.7526133704732361
bu4cast,bloomboard,2026-10-08,2026-10-04,P1D,2,ensemble,48,chlorophyll,0.7827957943141379
bu4cast,bloomboard,2026-10-08,2026-10-04,P1D,2,ensemble,49,chlorophyll,0.607525730080277
bu4cast,bloomboard,2026-10-08,2026-10-04,P1D,2,ensemble,50,chlorophyll,0.9448816309784884
bu4cast,bloomboard,2026-10-08,2026-10-04,P1D,2,ensemble,51,chlorophyll,2.939583333333333
bu4cast,bloomboard,2026-10-08,2026-10-04,P1D,2,ensemble,52,chlorophyll,0.9309984491520052
bu4cast,bloomboard,2026-10-08,2026-10-04,P1D,2,ensemble,53,chlorophyll,2.233657837124846
bu4cast,bloomboard,2026-10-08,2026-10-04,P1D,2,ensemble,54,chlorophyll,1.6629242828686832
bu4cast,bloomboard,2026-10-08,2026-10-04,P1D,2,ensemble,55,chlorophyll,0.05801496059633848
bu4cast,bloomboard,2026-10-08,2026-10-04,P1D,2,ensemble,56,chlorophyll,1.918075591100302
bu4cast,bloomboard,2026-10-08,2026-10-04,P1D,2,ensemble,57,chlorophyll,2.33297339744752
bu4cast,bloomboard,2026-10-08,2026-10-04,P1D,2,ensemble,58,chlorophyll,0.33527930402930406
bu4cast,bloomboard,2026-10-08,2026-10-04,P1D,2,ensemble,59,chlorophyll,3.0090113871635618
bu4cast,bloomboard,2026-10-08,2026-10-04,P1D,2,ensemble,60,chlorophyll,1.4895445140508785
bu4cast,bloomboard,2026-10-08,2026-10-04,P1D,2,ensemble,61,chlorophyll,0.9917131241048146
bu4cast,bloomboard,2026-10-08,2026-10-04,P1D,2,ensemble,62,chlorophyll,0
bu4cast,bloomboard,2026-10-08,2026-10-04,P1D,2,ensemble,63,chlorophyll,0
bu4cast,bloomboard,2026-10-08,2026-10-04,P1D,2,ensemble,64,chlorophyll,0.8940476126642901
bu4cast,bloomboard,2026-10-08,2026-10-04,P1D,2,ensemble,65,chlorophyll,3.5520833333333335
bu4cast,bloomboard,2026-10-08,2026-10-04,P1D,2,ensemble,66,chlorophyll,2.3285161751962766
bu4cast,bloomboard,2026-10-08,2026-10-04,P1D,2,ensemble,67,chlorophyll,2.6115568115773753
bu4cast,bloomboard,2026-10-08,2026-10-04,P1D,2,ensemble,68,chlorophyll,2.1382365223292332
bu4cast,bloomboard,2026-10-08,2026-10-04,P1D,2,ensemble,69,chlorophyll,1.9139224307274243
bu4cast,bloomboard,2026-10-08,2026-10-04,P1D,2,ensemble,70,chlorophyll,2.482505143252486
bu4cast,bloomboard,2026-10-08,2026-10-04,P1D,2,ensemble,71,chlorophyll,1.0012871189578467
bu4cast,bloomboard,2026-10-08,2026-10-04,P1D,2,ensemble,72,chlorophyll,2.5695833333333327
bu4cast,bloomboard,2026-10-08,2026-10-04,P1D,2,ensemble,73,chlorophyll,0
bu4cast,bloomboard,2026-10-08,2026-10-04,P1D,2,ensemble,74,chlorophyll,2.242019850042222
bu4cast,bloomboard,2026-10-08,2026-10-04,P1D,2,ensemble,75,chlorophyll,4.45
bu4cast,bloomboard,2026-10-08,2026-10-04,P1D,2,ensemble,76,chlorophyll,2.562355290462762
bu4cast,bloomboard,2026-10-08,2026-10-04,P1D,2,ensemble,77,chlorophyll,7.447835292454868
bu4cast,bloomboard,2026-10-08,2026-10-04,P1D,2,ensemble,78,chlorophyll,0
bu4cast,bloomboard,2026-10-08,2026-10-04,P1D,2,ensemble,79,chlorophyll,2.225
bu4cast,bloomboard,2026-10-08,2026-10-04,P1D,2,ensemble,80,chlorophyll,1.8848178219487404
bu4cast,bloomboard,2026-10-08,2026-10-04,P1D,2,ensemble,81,chlorophyll,2.1357065217391304
bu4cast,bloomboard,2026-10-08,2026-10-04,P1D,2,ensemble,82,chlorophyll,2.948112372845914
bu4cast,bloomboard,2026-10-08,2026-10-04,P1D,2,ensemble,83,chlorophyll,1.0102413397295755
bu4cast,bloomboard,2026-10-08,2026-10-04,P1D,2,ensemble,84,chlorophyll,1.112565624643935
bu4cast,bloomboard,2026-10-08,2026-10-04,P1D,2,ensemble,85,chlorophyll,2.958195893668252
bu4cast,bloomboard,2026-10-08,2026-10-04,P1D,2,ensemble,86,chlorophyll,9.414166666666668
bu4cast,bloomboard,2026-10-08,2026-10-04,P1D,2,ensemble,87,chlorophyll,3.90911191911043
bu4cast,bloomboard,2026-10-08,2026-10-04,P1D,2,ensemble,88,chlorophyll,3.247929267755535
bu4cast,bloomboard,2026-10-08,2026-10-04,P1D,2,ensemble,89,chlorophyll,2.35414048306144
bu4cast,bloomboard,2026-10-08,2026-10-04,P1D,2,ensemble,90,chlorophyll,1.1459079500672913
bu4cast,bloomboard,2026-10-08,2026-10-04,P1D,2,ensemble,91,chlorophyll,0.4368687957661264
bu4cast,bloomboard,2026-10-08,2026-10-04,P1D,2,ensemble,92,chlorophyll,2.12608380615924
bu4cast,bloomboard,2026-10-08,2026-10-04,P1D,2,ensemble,93,chlorophyll,0.33180607190449307
bu4cast,bloomboard,2026-10-08,2026-10-04,P1D,2,ensemble,94,chlorophyll,0.5888726954594042
bu4cast,bloomboard,2026-10-08,2026-10-04,P1D,2,ensemble,95,chlorophyll,1.766374024526199
bu4cast,bloomboard,2026-10-08,2026-10-04,P1D,2,ensemble,96,chlorophyll,2.709849856585799
bu4cast,bloomboard,2026-10-08,2026-10-04,P1D,2,ensemble,97,chlorophyll,1.9449838657930727
bu4cast,bloomboard,2026-10-08,2026-10-04,P1D,2,ensemble,98,chlorophyll,2.302620671339876
bu4cast,bloomboard,2026-10-08,2026-10-04,P1D,2,ensemble,99,chlorophyll,0.3271617906323324
bu4cast,bloomboard,2026-10-08,2026-10-04,P1D,2,ensemble,100,chlorophyll,3.427916666666667
bu4cast,bloomboard,2026-10-09,2026-10-04,P1D,2,ensemble,1,chlorophyll,0
bu4cast,bloomboard,2026-10-09,2026-10-04,P1D,2,ensemble,2,chlorophyll,2.1420275977905345
bu4cast,bloomboard,2026-10-09,2026-10-04,P1D,2,ensemble,3,chlorophyll,1.7386877992261875
bu4cast,bloomboard,2026-10-09,2026-10-04,P1D,2,ensemble,4,chlorophyll,5.484685397473804
bu4cast,bloomboard,2026-10-09,2026-10-04,P1D,2,ensemble,5,chlorophyll,2.5301785714285714
bu4cast,bloomboard,2026-10-09,2026-10-04,P1D,2,ensemble,6,chlorophyll,0
bu4cast,bloomboard,2026-10-09,2026-10-04,P1D,2,ensemble,7,chlorophyll,1.2379166666666674
bu4cast,bloomboard,2026-10-09,2026-10-04,P1D,2,ensemble,8,chlorophyll,0.7831790182795451
bu4cast,bloomboard,2026-10-09,2026-10-04,P1D,2,ensemble,9,chlorophyll,0.5459356394703898
bu4cast,bloomboard,2026-10-09,2026-10-04,P1D,2,ensemble,10,chlorophyll,2.225
bu4cast,bloomboard,2026-10-09,2026-10-04,P1D,2,ensemble,11,chlorophyll,1.51625
bu4cast,bloomboard,2026-10-09,2026-10-04,P1D,2,ensemble,12,chlorophyll,2.439583333333333
bu4cast,bloomboard,2026-10-09,2026-10-04,P1D,2,ensemble,13,chlorophyll,3.594396554394328
bu4cast,bloomboard,2026-10-09,2026-10-04,P1D,2,ensemble,14,chlorophyll,2.364825808167696
bu4cast,bloomboard,2026-10-09,2026-10-04,P1D,2,ensemble,15,chlorophyll,2.352730346285424
bu4cast,bloomboard,2026-10-09,2026-10-04,P1D,2,ensemble,16,chlorophyll,1.5752303534532748
bu4cast,bloomboard,2026-10-09,2026-10-04,P1D,2,ensemble,17,chlorophyll,1.8986175799152372
bu4cast,bloomboard,2026-10-09,2026-10-04,P1D,2,ensemble,18,chlorophyll,2.843699172306451
bu4cast,bloomboard,2026-10-09,2026-10-04,P1D,2,ensemble,19,chlorophyll,0.6276567882468918
bu4cast,bloomboard,2026-10-09,2026-10-04,P1D,2,ensemble,20,chlorophyll,0.7542837133283802
bu4cast,bloomboard,2026-10-09,2026-10-04,P1D,2,ensemble,21,chlorophyll,1.8808913578521016
bu4cast,bloomboard,2026-10-09,2026-10-04,P1D,2,ensemble,22,chlorophyll,3.0141244581506372
bu4cast,bloomboard,2026-10-09,2026-10-04,P1D,2,ensemble,23,chlorophyll,0.5954395604395608
bu4cast,bloomboard,2026-10-09,2026-10-04,P1D,2,ensemble,24,chlorophyll,0.8636698082322329
bu4cast,bloomboard,2026-10-09,2026-10-04,P1D,2,ensemble,25,chlorophyll,0
bu4cast,bloomboard,2026-10-09,2026-10-04,P1D,2,ensemble,26,chlorophyll,2.2137906608225557
bu4cast,bloomboard,2026-10-09,2026-10-04,P1D,2,ensemble,27,chlorophyll,0.6528383512050825
bu4cast,bloomboard,2026-10-09,2026-10-04,P1D,2,ensemble,28,chlorophyll,4.33625
bu4cast,bloomboard,2026-10-09,2026-10-04,P1D,2,ensemble,29,chlorophyll,1.1471358506641505
bu4cast,bloomboard,2026-10-09,2026-10-04,P1D,2,ensemble,30,chlorophyll,0.45664199984309306
bu4cast,bloomboard,2026-10-09,2026-10-04,P1D,2,ensemble,31,chlorophyll,0.8596558551564597
bu4cast,bloomboard,2026-10-09,2026-10-04,P1D,2,ensemble,32,chlorophyll,0
bu4cast,bloomboard,2026-10-09,2026-10-04,P1D,2,ensemble,33,chlorophyll,1.3714361962061965
bu4cast,bloomboard,2026-10-09,2026-10-04,P1D,2,ensemble,34,chlorophyll,2.5210422581652527
bu4cast,bloomboard,2026-10-09,2026-10-04,P1D,2,ensemble,35,chlorophyll,2.864946977902321
bu4cast,bloomboard,2026-10-09,2026-10-04,P1D,2,ensemble,36,chlorophyll,2.0785806714888895
bu4cast,bloomboard,2026-10-09,2026-10-04,P1D,2,ensemble,37,chlorophyll,0.6839847636635608
bu4cast,bloomboard,2026-10-09,2026-10-04,P1D,2,ensemble,38,chlorophyll,1.5016208059477505
bu4cast,bloomboard,2026-10-09,2026-10-04,P1D,2,ensemble,39,chlorophyll,0.8820873808226315
bu4cast,bloomboard,2026-10-09,2026-10-04,P1D,2,ensemble,40,chlorophyll,1.9435830324879944
bu4cast,bloomboard,2026-10-09,2026-10-04,P1D,2,ensemble,41,chlorophyll,2.225
bu4cast,bloomboard,2026-10-09,2026-10-04,P1D,2,ensemble,42,chlorophyll,0.20660306342063073
bu4cast,bloomboard,2026-10-09,2026-10-04,P1D,2,ensemble,43,chlorophyll,0.9627498390197972
bu4cast,bloomboard,2026-10-09,2026-10-04,P1D,2,ensemble,44,chlorophyll,1.455833333333333
bu4cast,bloomboard,2026-10-09,2026-10-04,P1D,2,ensemble,45,chlorophyll,1.2752797512704923
bu4cast,bloomboard,2026-10-09,2026-10-04,P1D,2,ensemble,46,chlorophyll,0.4944726153793962
bu4cast,bloomboard,2026-10-09,2026-10-04,P1D,2,ensemble,47,chlorophyll,0
bu4cast,bloomboard,2026-10-09,2026-10-04,P1D,2,ensemble,48,chlorophyll,0.3140457943141379
bu4cast,bloomboard,2026-10-09,2026-10-04,P1D,2,ensemble,49,chlorophyll,1.6891923967469435
bu4cast,bloomboard,2026-10-09,2026-10-04,P1D,2,ensemble,50,chlorophyll,1.1232149643118214
bu4cast,bloomboard,2026-10-09,2026-10-04,P1D,2,ensemble,51,chlorophyll,2.67875
bu4cast,bloomboard,2026-10-09,2026-10-04,P1D,2,ensemble,52,chlorophyll,0.06516511581867168
bu4cast,bloomboard,2026-10-09,2026-10-04,P1D,2,ensemble,53,chlorophyll,3.397824503791513
bu4cast,bloomboard,2026-10-09,2026-10-04,P1D,2,ensemble,54,chlorophyll,1.7379242828686832
bu4cast,bloomboard,2026-10-09,2026-10-04,P1D,2,ensemble,55,chlorophyll,2.2830149605963386
bu4cast,bloomboard,2026-10-09,2026-10-04,P1D,2,ensemble,56,chlorophyll,2.2866012482046303
bu4cast,bloomboard,2026-10-09,2026-10-04,P1D,2,ensemble,57,chlorophyll,1.5063934589619032
bu4cast,bloomboard,2026-10-09,2026-10-04,P1D,2,ensemble,58,chlorophyll,0.41010181138850793
bu4cast,bloomboard,2026-10-09,2026-10-04,P1D,2,ensemble,59,chlorophyll,2.656715165710167
bu4cast,bloomboard,2026-10-09,2026-10-04,P1D,2,ensemble,60,chlorophyll,1.0207945140508785
bu4cast,bloomboard,2026-10-09,2026-10-04,P1D,2,ensemble,61,chlorophyll,1.3901225603259326
bu4cast,bloomboard,2026-10-09,2026-10-04,P1D,2,ensemble,62,chlorophyll,0.27208333333333323
bu4cast,bloomboard,2026-10-09,2026-10-04,P1D,2,ensemble,63,chlorophyll,2.225
bu4cast,bloomboard,2026-10-09,2026-10-04,P1D,2,ensemble,64,chlorophyll,0.91904761266429
bu4cast,bloomboard,2026-10-09,2026-10-04,P1D,2,ensemble,65,chlorophyll,4.276906862745099
bu4cast,bloomboard,2026-10-09,2026-10-04,P1D,2,ensemble,66,chlorophyll,3.206432841862944
bu4cast,bloomboard,2026-10-09,2026-10-04,P1D,2,ensemble,67,chlorophyll,2.0865205616281637
bu4cast,bloomboard,2026-10-09,2026-10-04,P1D,2,ensemble,68,chlorophyll,2.020129934257384
bu4cast,bloomboard,2026-10-09,2026-10-04,P1D,2,ensemble,69,chlorophyll,1.1447557640607575
bu4cast,bloomboard,2026-10-09,2026-10-04,P1D,2,ensemble,70,chlorophyll,2.200718992696002
bu4cast,bloomboard,2026-10-09,2026-10-04,P1D,2,ensemble,71,chlorophyll,1.076287118957847
bu4cast,bloomboard,2026-10-09,2026-10-04,P1D,2,ensemble,72,chlorophyll,3.988333333333333
bu4cast,bloomboard,2026-10-09,2026-10-04,P1D,2,ensemble,73,chlorophyll,0
bu4cast,bloomboard,2026-10-09,2026-10-04,P1D,2,ensemble,74,chlorophyll,1.2553531833755551
bu4cast,bloomboard,2026-10-09,2026-10-04,P1D,2,ensemble,75,chlorophyll,3.988659131393555
bu4cast,bloomboard,2026-10-09,2026-10-04,P1D,2,ensemble,76,chlorophyll,2.093605290462762
bu4cast,bloomboard,2026-10-09,2026-10-04,P1D,2,ensemble,77,chlorophyll,11.71436938336396
bu4cast,bloomboard,2026-10-09,2026-10-04,P1D,2,ensemble,78,chlorophyll,0.01733471525150688
bu4cast,bloomboard,2026-10-09,2026-10-04,P1D,2,ensemble,79,chlorophyll,2.3323809523809524
bu4cast,bloomboard,2026-10-09,2026-10-04,P1D,2,ensemble,80,chlorophyll,1.1156511552820736
bu4cast,bloomboard,2026-10-09,2026-10-04,P1D,2,ensemble,81,chlorophyll,1.6751458535235093
bu4cast,bloomboard,2026-10-09,2026-10-04,P1D,2,ensemble,82,chlorophyll,2.7996237600094753
bu4cast,bloomboard,2026-10-09,2026-10-04,P1D,2,ensemble,83,chlorophyll,0.7310746730629091
bu4cast,bloomboard,2026-10-09,2026-10-04,P1D,2,ensemble,84,chlorophyll,1.7571489579772679
bu4cast,bloomboard,2026-10-09,2026-10-04,P1D,2,ensemble,85,chlorophyll,2.9017884694078555
bu4cast,bloomboard,2026-10-09,2026-10-04,P1D,2,ensemble,86,chlorophyll,8.741370090132792
bu4cast,bloomboard,2026-10-09,2026-10-04,P1D,2,ensemble,87,chlorophyll,4.484024099088218
bu4cast,bloomboard,2026-10-09,2026-10-04,P1D,2,ensemble,88,chlorophyll,3.4730588639530975
bu4cast,bloomboard,2026-10-09,2026-10-04,P1D,2,ensemble,89,chlorophyll,3.2556849082790245
bu4cast,bloomboard,2026-10-09,2026-10-04,P1D,2,ensemble,90,chlorophyll,1.4621579500672912
bu4cast,bloomboard,2026-10-09,2026-10-04,P1D,2,ensemble,91,chlorophyll,0
bu4cast,bloomboard,2026-10-09,2026-10-04,P1D,2,ensemble,92,chlorophyll,2.233464758540193
bu4cast,bloomboard,2026-10-09,2026-10-04,P1D,2,ensemble,93,chlorophyll,0.20638940523782645
bu4cast,bloomboard,2026-10-09,2026-10-04,P1D,2,ensemble,94,chlorophyll,0.6962536478403567
bu4cast,bloomboard,2026-10-09,2026-10-04,P1D,2,ensemble,95,chlorophyll,1.9809573578595323
bu4cast,bloomboard,2026-10-09,2026-10-04,P1D,2,ensemble,96,chlorophyll,3.4717259404941645
bu4cast,bloomboard,2026-10-09,2026-10-04,P1D,2,ensemble,97,chlorophyll,2.5928493712175364
bu4cast,bloomboard,2026-10-09,2026-10-04,P1D,2,ensemble,98,chlorophyll,3.2176206713398763
bu4cast,bloomboard,2026-10-09,2026-10-04,P1D,2,ensemble,99,chlorophyll,2.5521617906323324
bu4cast,bloomboard,2026-10-09,2026-10-04,P1D,2,ensemble,100,chlorophyll,4.887698715314812
bu4cast,bloomboard,2026-10-10,2026-10-04,P1D,2,ensemble,1,chlorophyll,0
bu4cast,bloomboard,2026-10-10,2026-10-04,P1D,2,ensemble,2,chlorophyll,3.0570275977905346
bu4cast,bloomboard,2026-10-10,2026-10-04,P1D,2,ensemble,3,chlorophyll,1.3080208530530852
bu4cast,bloomboard,2026-10-10,2026-10-04,P1D,2,ensemble,4,chlorophyll,5.609268730807138
bu4cast,bloomboard,2026-10-10,2026-10-04,P1D,2,ensemble,5,chlorophyll,2.0614285714285714
bu4cast,bloomboard,2026-10-10,2026-10-04,P1D,2,ensemble,6,chlorophyll,2.225
bu4cast,bloomboard,2026-10-10,2026-10-04,P1D,2,ensemble,7,chlorophyll,0.5323264647438872
bu4cast,bloomboard,2026-10-10,2026-10-04,P1D,2,ensemble,8,chlorophyll,1.5432165942590224
bu4cast,bloomboard,2026-10-10,2026-10-04,P1D,2,ensemble,9,chlorophyll,0.9734356394703898
bu4cast,bloomboard,2026-10-10,2026-10-04,P1D,2,ensemble,10,chlorophyll,1.9278177594781545
bu4cast,bloomboard,2026-10-10,2026-10-04,P1D,2,ensemble,11,chlorophyll,1.788333333333333
bu4cast,bloomboard,2026-10-10,2026-10-04,P1D,2,ensemble,12,chlorophyll,1.7366666666666664
bu4cast,bloomboard,2026-10-10,2026-10-04,P1D,2,ensemble,13,chlorophyll,3.3384154776087405
bu4cast,bloomboard,2026-10-10,2026-10-04,P1D,2,ensemble,14,chlorophyll,2.109318349574121
bu4cast,bloomboard,2026-10-10,2026-10-04,P1D,2,ensemble,15,chlorophyll,2.204241733448985
bu4cast,bloomboard,2026-10-10,2026-10-04,P1D,2,ensemble,16,chlorophyll,1.2960636867866082
bu4cast,bloomboard,2026-10-10,2026-10-04,P1D,2,ensemble,17,chlorophyll,0.9119509132485706
bu4cast,bloomboard,2026-10-10,2026-10-04,P1D,2,ensemble,18,chlorophyll,2.808888912550055
bu4cast,bloomboard,2026-10-10,2026-10-04,P1D,2,ensemble,19,chlorophyll,1.1697112672704886
bu4cast,bloomboard,2026-10-10,2026-10-04,P1D,2,ensemble,20,chlorophyll,1.957200379995047
bu4cast,bloomboard,2026-10-10,2026-10-04,P1D,2,ensemble,21,chlorophyll,2.525474691185435
bu4cast,bloomboard,2026-10-10,2026-10-04,P1D,2,ensemble,22,chlorophyll,3.6587077914839705
bu4cast,bloomboard,2026-10-10,2026-10-04,P1D,2,ensemble,23,chlorophyll,0.4873958912000983
bu4cast,bloomboard,2026-10-10,2026-10-04,P1D,2,ensemble,24,chlorophyll,1.0228364748988996
bu4cast,bloomboard,2026-10-10,2026-10-04,P1D,2,ensemble,25,chlorophyll,0.11057583619153044
bu4cast,bloomboard,2026-10-10,2026-10-04,P1D,2,ensemble,26,chlorophyll,1.5108739941558889
bu4cast,bloomboard,2026-10-10,2026-10-04,P1D,2,ensemble,27,chlorophyll,1.4126724163103457
bu4cast,bloomboard,2026-10-10,2026-10-04,P1D,2,ensemble,28,chlorophyll,4.16125
bu4cast,bloomboard,2026-10-10,2026-10-04,P1D,2,ensemble,29,chlorophyll,1.3487434754077303
bu4cast,bloomboard,2026-10-10,2026-10-04,P1D,2,ensemble,30,chlorophyll,0.5416419998430931
bu4cast,bloomboard,2026-10-10,2026-10-04,P1D,2,ensemble,31,chlorophyll,3.2847800490259713
bu4cast,bloomboard,2026-10-10,2026-10-04,P1D,2,ensemble,32,chlorophyll,0.01836913926077412
bu4cast,bloomboard,2026-10-10,2026-10-04,P1D,2,ensemble,33,chlorophyll,0.7897695295395293
bu4cast,bloomboard,2026-10-10,2026-10-04,P1D,2,ensemble,34,chlorophyll,2.412046758785187
bu4cast,bloomboard,2026-10-10,2026-10-04,P1D,2,ensemble,35,chlorophyll,2.965896075635512
bu4cast,bloomboard,2026-10-10,2026-10-04,P1D,2,ensemble,36,chlorophyll,2.4235806714888897
bu4cast,bloomboard,2026-10-10,2026-10-04,P1D,2,ensemble,37,chlorophyll,0
bu4cast,bloomboard,2026-10-10,2026-10-04,P1D,2,ensemble,38,chlorophyll,3.98435241629874
bu4cast,bloomboard,2026-10-10,2026-10-04,P1D,2,ensemble,39,chlorophyll,0
bu4cast,bloomboard,2026-10-10,2026-10-04,P1D,2,ensemble,40,chlorophyll,1.077749699154661
bu4cast,bloomboard,2026-10-10,2026-10-04,P1D,2,ensemble,41,chlorophyll,2.223595786045323
bu4cast,bloomboard,2026-10-10,2026-10-04,P1D,2,ensemble,42,chlorophyll,0.05811445058419184
bu4cast,bloomboard,2026-10-10,2026-10-04,P1D,2,ensemble,43,chlorophyll,2.228999839019797
bu4cast,bloomboard,2026-10-10,2026-10-04,P1D,2,ensemble,44,chlorophyll,0.46916666666666673
bu4cast,bloomboard,2026-10-10,2026-10-04,P1D,2,ensemble,45,chlorophyll,0.5723630846038257
bu4cast,bloomboard,2026-10-10,2026-10-04,P1D,2,ensemble,46,chlorophyll,1.2045467240851315
bu4cast,bloomboard,2026-10-10,2026-10-04,P1D,2,ensemble,47,chlorophyll,0
bu4cast,bloomboard,2026-10-10,2026-10-04,P1D,2,ensemble,48,chlorophyll,1.5000552218808405
bu4cast,bloomboard,2026-10-10,2026-10-04,P1D,2,ensemble,49,chlorophyll,2.116275730080277
bu4cast,bloomboard,2026-10-10,2026-10-04,P1D,2,ensemble,50,chlorophyll,1.753631630978488
bu4cast,bloomboard,2026-10-10,2026-10-04,P1D,2,ensemble,51,chlorophyll,3.081734935272252
bu4cast,bloomboard,2026-10-10,2026-10-04,P1D,2,ensemble,52,chlorophyll,0
bu4cast,bloomboard,2026-10-10,2026-10-04,P1D,2,ensemble,53,chlorophyll,3.5486578371248463
bu4cast,bloomboard,2026-10-10,2026-10-04,P1D,2,ensemble,54,chlorophyll,0.2944460219991183
bu4cast,bloomboard,2026-10-10,2026-10-04,P1D,2,ensemble,55,chlorophyll,1.5800982939296715
bu4cast,bloomboard,2026-10-10,2026-10-04,P1D,2,ensemble,56,chlorophyll,2.1624708134220216
bu4cast,bloomboard,2026-10-10,2026-10-04,P1D,2,ensemble,57,chlorophyll,2.1413934589619035
bu4cast,bloomboard,2026-10-10,2026-10-04,P1D,2,ensemble,58,chlorophyll,0.8255055997595374
bu4cast,bloomboard,2026-10-10,2026-10-04,P1D,2,ensemble,59,chlorophyll,1.276497267407248
bu4cast,bloomboard,2026-10-10,2026-10-04,P1D,2,ensemble,60,chlorophyll,1.0374611807175451
bu4cast,bloomboard,2026-10-10,2026-10-04,P1D,2,ensemble,61,chlorophyll,1.4086359630213705
bu4cast,bloomboard,2026-10-10,2026-10-04,P1D,2,ensemble,62,chlorophyll,0.7060691814536693
bu4cast,bloomboard,2026-10-10,2026-10-04,P1D,2,ensemble,63,chlorophyll,2.6370833333333334
bu4cast,bloomboard,2026-10-10,2026-10-04,P1D,2,ensemble,64,chlorophyll,1.0982142793309568
bu4cast,bloomboard,2026-10-10,2026-10-04,P1D,2,ensemble,65,chlorophyll,4.745823529411766
bu4cast,bloomboard,2026-10-10,2026-10-04,P1D,2,ensemble,66,chlorophyll,3.572682841862944
bu4cast,bloomboard,2026-10-10,2026-10-04,P1D,2,ensemble,67,chlorophyll,1.6611038949614971
bu4cast,bloomboard,2026-10-10,2026-10-04,P1D,2,ensemble,68,chlorophyll,2.9223407971632493
bu4cast,bloomboard,2026-10-10,2026-10-04,P1D,2,ensemble,69,chlorophyll,0.8689224307274244
bu4cast,bloomboard,2026-10-10,2026-10-04,P1D,2,ensemble,70,chlorophyll,1.5072203554404104
bu4cast,bloomboard,2026-10-10,2026-10-04,P1D,2,ensemble,71,chlorophyll,2.2792037856245138
bu4cast,bloomboard,2026-10-10,2026-10-04,P1D,2,ensemble,72,chlorophyll,3.667083333333333
bu4cast,bloomboard,2026-10-10,2026-10-04,P1D,2,ensemble,73,chlorophyll,0
bu4cast,bloomboard,2026-10-10,2026-10-04,P1D,2,ensemble,74,chlorophyll,0.07673652242694518
bu4cast,bloomboard,2026-10-10,2026-10-04,P1D,2,ensemble,75,chlorophyll,4.560325798060221
bu4cast,bloomboard,2026-10-10,2026-10-04,P1D,2,ensemble,76,chlorophyll,1.624855290462762
bu4cast,bloomboard,2026-10-10,2026-10-04,P1D,2,ensemble,77,chlorophyll,11.160202716697292
bu4cast,bloomboard,2026-10-10,2026-10-04,P1D,2,ensemble,78,chlorophyll,0.8585847813158445
bu4cast,bloomboard,2026-10-10,2026-10-04,P1D,2,ensemble,79,chlorophyll,1.841211603867788
bu4cast,bloomboard,2026-10-10,2026-10-04,P1D,2,ensemble,80,chlorophyll,1.0459696194232573
bu4cast,bloomboard,2026-10-10,2026-10-04,P1D,2,ensemble,81,chlorophyll,1.9431863108136025
bu4cast,bloomboard,2026-10-10,2026-10-04,P1D,2,ensemble,82,chlorophyll,1.294069418227164
bu4cast,bloomboard,2026-10-10,2026-10-04,P1D,2,ensemble,83,chlorophyll,0.5825860602264702
bu4cast,bloomboard,2026-10-10,2026-10-04,P1D,2,ensemble,84,chlorophyll,2.625225898275659
bu4cast,bloomboard,2026-10-10,2026-10-04,P1D,2,ensemble,85,chlorophyll,4.1145060536024705
bu4cast,bloomboard,2026-10-10,2026-10-04,P1D,2,ensemble,86,chlorophyll,6.380120090132792
bu4cast,bloomboard,2026-10-10,2026-10-04,P1D,2,ensemble,87,chlorophyll,4.377395332905736
bu4cast,bloomboard,2026-10-10,2026-10-04,P1D,2,ensemble,88,chlorophyll,4.525142197286431
bu4cast,bloomboard,2026-10-10,2026-10-04,P1D,2,ensemble,89,chlorophyll,3.235684908279025
bu4cast,bloomboard,2026-10-10,2026-10-04,P1D,2,ensemble,90,chlorophyll,1.8067412834006245
bu4cast,bloomboard,2026-10-10,2026-10-04,P1D,2,ensemble,91,chlorophyll,0.01688648055685914
bu4cast,bloomboard,2026-10-10,2026-10-04,P1D,2,ensemble,92,chlorophyll,0.7234647585401928
bu4cast,bloomboard,2026-10-10,2026-10-04,P1D,2,ensemble,93,chlorophyll,0
bu4cast,bloomboard,2026-10-10,2026-10-04,P1D,2,ensemble,94,chlorophyll,5.888753647840357
bu4cast,bloomboard,2026-10-10,2026-10-04,P1D,2,ensemble,95,chlorophyll,2.3930406911928657
bu4cast,bloomboard,2026-10-10,2026-10-04,P1D,2,ensemble,96,chlorophyll,4.689322682290073
bu4cast,bloomboard,2026-10-10,2026-10-04,P1D,2,ensemble,97,chlorophyll,2.5218493712175363
bu4cast,bloomboard,2026-10-10,2026-10-04,P1D,2,ensemble,98,chlorophyll,3.583870671339876
bu4cast,bloomboard,2026-10-10,2026-10-04,P1D,2,ensemble,99,chlorophyll,2.889665129185651
bu4cast,bloomboard,2026-10-10,2026-10-04,P1D,2,ensemble,100,chlorophyll,4.077535361698052
bu4cast,bloomboard,2026-10-11,2026-10-04,P1D,2,ensemble,1,chlorophyll,0
bu4cast,bloomboard,2026-10-11,2026-10-04,P1D,2,ensemble,2,chlorophyll,2.4753609311238676
bu4cast,bloomboard,2026-10-11,2026-10-04,P1D,2,ensemble,3,chlorophyll,6.500520853053085
bu4cast,bloomboard,2026-10-11,2026-10-04,P1D,2,ensemble,4,chlorophyll,9.875802821716228
bu4cast,bloomboard,2026-10-11,2026-10-04,P1D,2,ensemble,5,chlorophyll,3.2255952380952384
bu4cast,bloomboard,2026-10-11,2026-10-04,P1D,2,ensemble,6,chlorophyll,7.4175
bu4cast,bloomboard,2026-10-11,2026-10-04,P1D,2,ensemble,7,chlorophyll,0.9728355544609854
bu4cast,bloomboard,2026-10-11,2026-10-04,P1D,2,ensemble,8,chlorophyll,1.465763837657188
bu4cast,bloomboard,2026-10-11,2026-10-04,P1D,2,ensemble,9,chlorophyll,1.31843563947039
bu4cast,bloomboard,2026-10-11,2026-10-04,P1D,2,ensemble,10,chlorophyll,1.0619844261448208
bu4cast,bloomboard,2026-10-11,2026-10-04,P1D,2,ensemble,11,chlorophyll,4.328561128426808
bu4cast,bloomboard,2026-10-11,2026-10-04,P1D,2,ensemble,12,chlorophyll,1.757526433617011
bu4cast,bloomboard,2026-10-11,2026-10-04,P1D,2,ensemble,13,chlorophyll,2.1169171742262587
bu4cast,bloomboard,2026-10-11,2026-10-04,P1D,2,ensemble,14,chlorophyll,2.753901682907454
bu4cast,bloomboard,2026-10-11,2026-10-04,P1D,2,ensemble,15,chlorophyll,2.570491733448985
bu4cast,bloomboard,2026-10-11,2026-10-04,P1D,2,ensemble,16,chlorophyll,2.695230353453275
bu4cast,bloomboard,2026-10-11,2026-10-04,P1D,2,ensemble,17,chlorophyll,0
bu4cast,bloomboard,2026-10-11,2026-10-04,P1D,2,ensemble,18,chlorophyll,1.9430555792167217
bu4cast,bloomboard,2026-10-11,2026-10-04,P1D,2,ensemble,19,chlorophyll,1.3888460905600333
bu4cast,bloomboard,2026-10-11,2026-10-04,P1D,2,ensemble,20,chlorophyll,1.5025230461061194
bu4cast,bloomboard,2026-10-11,2026-10-04,P1D,2,ensemble,21,chlorophyll,2.8871413578521015
bu4cast,bloomboard,2026-10-11,2026-10-04,P1D,2,ensemble,22,chlorophyll,2.9610790850751503
bu4cast,bloomboard,2026-10-11,2026-10-04,P1D,2,ensemble,23,chlorophyll,2.7123958912000985
bu4cast,bloomboard,2026-10-11,2026-10-04,P1D,2,ensemble,24,chlorophyll,1.0478364748988995
bu4cast,bloomboard,2026-10-11,2026-10-04,P1D,2,ensemble,25,chlorophyll,2.33557583619153
bu4cast,bloomboard,2026-10-11,2026-10-04,P1D,2,ensemble,26,chlorophyll,1.1842101436446306
bu4cast,bloomboard,2026-10-11,2026-10-04,P1D,2,ensemble,27,chlorophyll,1.8401724163103457
bu4cast,bloomboard,2026-10-11,2026-10-04,P1D,2,ensemble,28,chlorophyll,5.560416666666667
bu4cast,bloomboard,2026-10-11,2026-10-04,P1D,2,ensemble,29,chlorophyll,1.507910142074397
bu4cast,bloomboard,2026-10-11,2026-10-04,P1D,2,ensemble,30,chlorophyll,0.8928650565514006
bu4cast,bloomboard,2026-10-11,2026-10-04,P1D,2,ensemble,31,chlorophyll,3.6464467156926377
bu4cast,bloomboard,2026-10-11,2026-10-04,P1D,2,ensemble,32,chlorophyll,0.0361133920317257
bu4cast,bloomboard,2026-10-11,2026-10-04,P1D,2,ensemble,33,chlorophyll,1.2018528628728626
bu4cast,bloomboard,2026-10-11,2026-10-04,P1D,2,ensemble,34,chlorophyll,2.334526292637741
bu4cast,bloomboard,2026-10-11,2026-10-04,P1D,2,ensemble,35,chlorophyll,3.5963127423021786
bu4cast,bloomboard,2026-10-11,2026-10-04,P1D,2,ensemble,36,chlorophyll,3.2916968911046087
bu4cast,bloomboard,2026-10-11,2026-10-04,P1D,2,ensemble,37,chlorophyll,0.1791666666666667
bu4cast,bloomboard,2026-10-11,2026-10-04,P1D,2,ensemble,38,chlorophyll,4.453269082965406
bu4cast,bloomboard,2026-10-11,2026-10-04,P1D,2,ensemble,39,chlorophyll,2.225
bu4cast,bloomboard,2026-10-11,2026-10-04,P1D,2,ensemble,40,chlorophyll,1.5859637091587704
bu4cast,bloomboard,2026-10-11,2026-10-04,P1D,2,ensemble,41,chlorophyll,2.1059584234079605
bu4cast,bloomboard,2026-10-11,2026-10-04,P1D,2,ensemble,42,chlorophyll,2.283114450584192
bu4cast,bloomboard,2026-10-11,2026-10-04,P1D,2,ensemble,43,chlorophyll,1.3631665056864637
bu4cast,bloomboard,2026-10-11,2026-10-04,P1D,2,ensemble,44,chlorophyll,0
bu4cast,bloomboard,2026-10-11,2026-10-04,P1D,2,ensemble,45,chlorophyll,0.5895474664951005
bu4cast,bloomboard,2026-10-11,2026-10-04,P1D,2,ensemble,46,chlorophyll,1.2895467240851315
bu4cast,bloomboard,2026-10-11,2026-10-04,P1D,2,ensemble,47,chlorophyll,5.1925
bu4cast,bloomboard,2026-10-11,2026-10-04,P1D,2,ensemble,48,chlorophyll,1.1568189159066864
bu4cast,bloomboard,2026-10-11,2026-10-04,P1D,2,ensemble,49,chlorophyll,3.8224653948630007
bu4cast,bloomboard,2026-10-11,2026-10-04,P1D,2,ensemble,50,chlorophyll,1.9264647405320037
bu4cast,bloomboard,2026-10-11,2026-10-04,P1D,2,ensemble,51,chlorophyll,2.215901601938919
bu4cast,bloomboard,2026-10-11,2026-10-04,P1D,2,ensemble,52,chlorophyll,0
bu4cast,bloomboard,2026-10-11,2026-10-04,P1D,2,ensemble,53,chlorophyll,3.8936578371248465
bu4cast,bloomboard,2026-10-11,2026-10-04,P1D,2,ensemble,54,chlorophyll,1.4973626886657851
bu4cast,bloomboard,2026-10-11,2026-10-04,P1D,2,ensemble,55,chlorophyll,0.5934316272630051
bu4cast,bloomboard,2026-10-11,2026-10-04,P1D,2,ensemble,56,chlorophyll,2.3474708134220217
bu4cast,bloomboard,2026-10-11,2026-10-04,P1D,2,ensemble,57,chlorophyll,2.7859767922952363
bu4cast,bloomboard,2026-10-11,2026-10-04,P1D,2,ensemble,58,chlorophyll,0.8505055997595374
bu4cast,bloomboard,2026-10-11,2026-10-04,P1D,2,ensemble,59,chlorophyll,1.5485806007405811
bu4cast,bloomboard,2026-10-11,2026-10-04,P1D,2,ensemble,60,chlorophyll,3.479127847384212
bu4cast,bloomboard,2026-10-11,2026-10-04,P1D,2,ensemble,61,chlorophyll,1.2504640419657895
bu4cast,bloomboard,2026-10-11,2026-10-04,P1D,2,ensemble,62,chlorophyll,1.908985848120336
bu4cast,bloomboard,2026-10-11,2026-10-04,P1D,2,ensemble,63,chlorophyll,3.5520833333333335
bu4cast,bloomboard,2026-10-11,2026-10-04,P1D,2,ensemble,64,chlorophyll,1.178877648202858
bu4cast,bloomboard,2026-10-11,2026-10-04,P1D,2,ensemble,65,chlorophyll,4.2179068627450995
bu4cast,bloomboard,2026-10-11,2026-10-04,P1D,2,ensemble,66,chlorophyll,3.676373445957923
bu4cast,bloomboard,2026-10-11,2026-10-04,P1D,2,ensemble,67,chlorophyll,2.392368414551117
bu4cast,bloomboard,2026-10-11,2026-10-04,P1D,2,ensemble,68,chlorophyll,2.9023407971632498
bu4cast,bloomboard,2026-10-11,2026-10-04,P1D,2,ensemble,69,chlorophyll,0.8126956579065637
bu4cast,bloomboard,2026-10-11,2026-10-04,P1D,2,ensemble,70,chlorophyll,2.0387604430191706
bu4cast,bloomboard,2026-10-11,2026-10-04,P1D,2,ensemble,71,chlorophyll,2.1894936406969774
bu4cast,bloomboard,2026-10-11,2026-10-04,P1D,2,ensemble,72,chlorophyll,2.802668620463616
bu4cast,bloomboard,2026-10-11,2026-10-04,P1D,2,ensemble,73,chlorophyll,0
bu4cast,bloomboard,2026-10-11,2026-10-04,P1D,2,ensemble,74,chlorophyll,2.3017365224269453
bu4cast,bloomboard,2026-10-11,2026-10-04,P1D,2,ensemble,75,chlorophyll,4.667706750441174
bu4cast,bloomboard,2026-10-11,2026-10-04,P1D,2,ensemble,76,chlorophyll,1.438018493612796
bu4cast,bloomboard,2026-10-11,2026-10-04,P1D,2,ensemble,77,chlorophyll,10.85202950709424
bu4cast,bloomboard,2026-10-11,2026-10-04,P1D,2,ensemble,78,chlorophyll,1.777204039395697
bu4cast,bloomboard,2026-10-11,2026-10-04,P1D,2,ensemble,79,chlorophyll,2.200378270534455
bu4cast,bloomboard,2026-10-11,2026-10-04,P1D,2,ensemble,80,chlorophyll,1.5287378988533284
bu4cast,bloomboard,2026-10-11,2026-10-04,P1D,2,ensemble,81,chlorophyll,3.0884690442907696
bu4cast,bloomboard,2026-10-11,2026-10-04,P1D,2,ensemble,82,chlorophyll,1.1709600399253874
bu4cast,bloomboard,2026-10-11,2026-10-04,P1D,2,ensemble,83,chlorophyll,1.4427378480798412
bu4cast,bloomboard,2026-10-11,2026-10-04,P1D,2,ensemble,84,chlorophyll,2.554225898275659
bu4cast,bloomboard,2026-10-11,2026-10-04,P1D,2,ensemble,85,chlorophyll,3.625777040075273
bu4cast,bloomboard,2026-10-11,2026-10-04,P1D,2,ensemble,86,chlorophyll,6.504703423466125
bu4cast,bloomboard,2026-10-11,2026-10-04,P1D,2,ensemble,87,chlorophyll,4.492131145257697
bu4cast,bloomboard,2026-10-11,2026-10-04,P1D,2,ensemble,88,chlorophyll,3.9972255306197657
bu4cast,bloomboard,2026-10-11,2026-10-04,P1D,2,ensemble,89,chlorophyll,3.5627682416123583
bu4cast,bloomboard,2026-10-11,2026-10-04,P1D,2,ensemble,90,chlorophyll,2.9161702463040533
bu4cast,bloomboard,2026-10-11,2026-10-04,P1D,2,ensemble,91,chlorophyll,0
bu4cast,bloomboard,2026-10-11,2026-10-04,P1D,2,ensemble,92,chlorophyll,0.4466690989173168
bu4cast,bloomboard,2026-10-11,2026-10-04,P1D,2,ensemble,93,chlorophyll,0.10738095238095248
bu4cast,bloomboard,2026-10-11,2026-10-04,P1D,2,ensemble,94,chlorophyll,6.614512624929333
bu4cast,bloomboard,2026-10-11,2026-10-04,P1D,2,ensemble,95,chlorophyll,1.5277073021529382
bu4cast,bloomboard,2026-10-11,2026-10-04,P1D,2,ensemble,96,chlorophyll,3.3781994938842757
bu4cast,bloomboard,2026-10-11,2026-10-04,P1D,2,ensemble,97,chlorophyll,2.043601092907868
bu4cast,bloomboard,2026-10-11,2026-10-04,P1D,2,ensemble,98,chlorophyll,3.312751339437749
bu4cast,bloomboard,2026-10-11,2026-10-04,P1D,2,ensemble,99,chlorophyll,2.0238317958523178
bu4cast,bloomboard,2026-10-11,2026-10-04,P1D,2,ensemble,100,chlorophyll,4.102535361698052
